[
  {
    "brand": "Cooler Master",
    "modelName": "Hyper 212X",
    "price": {
      "value": 9700,
      "shopName": "Bestmarkt",
      "shopUrl": ""
    },
    "properties": [
        {
            "key": "cooler_height_mm",
            "value": 158
        }
    ]
  },
  {
    "brand": "Scythe",
    "modelName": "Mugen 5 Rev.B",
    "price": {
      "value": 14900,
      "shopName": "Bestmarkt"
    },
    "properties": [
        {
            "key": "cooler_height_mm",
            "value": 155
        }
    ]
  },
  {
    "brand": "Arctic",
    "modelName": "Freezer 33 eSports",
    "price": {
      "value": 15187,
      "shopName": "AQUA"
    },
    "properties": [
        {
            "key": "cooler_height_mm",
            "value": 150
        }
    ]
  },
  {
    "brand": "be quiet!",
    "modelName": "Dark Rock 4",
    "price": {
      "value": 20290,
      "shopName": "Extreme Digital"
    },
    "properties": [
        {
            "key": "cooler_height_mm",
            "value": 160
        }
    ]
  },
  {
    "brand": "Noctua",
    "modelName": "Air Coolers",
    "productSiteUrl": "https://noctua.at/en/products/cpu-cooler-retail",
    "priceSiteUrl": "https://www.arukereso.hu/szamitogep-huto-c3094/f:noctua,processzor,aktiv-huto/",
    "price": {
      "value": 0,
      "shopName": "Árukereső",
      "shopUrl": "https://www.arukereso.hu/szamitogep-huto-c3094/f:noctua,processzor,aktiv-huto/"
    }
  }
]