[
  {
    "brand": "LC-Power",
    "modelName": "7038B",
    "productSiteUrl": "http://www.lc-power.com/en/product/gehaeuse/atx-classic-12cm-psu/7038b/",
    "priceSiteUrl": "https://www.arukereso.hu/szamitogep-haz-c3085/lc-power/7038b-p398639399/",
    "price": {
      "value": 7200,
      "shopName": "Bestmarkt",
      "shopUrl": "https://www.bestmarkt.hu/lc-power-7038b-szamitogephaz-fekete-p420450"
    },
    "properties": [
        {
            "key": "cooler_height_mm",
            "value": 145
        }
    ]
  },
  {
    "brand": "Aerocool",
    "modelName": "V3X",
    "productSiteUrl": "https://www.aerocool.com.tw/en/chssis/pgs-v/v3x",
    "priceSiteUrl": "https://www.arukereso.hu/szamitogep-haz-c3085/aerocool/v3x-advance-p166159478/",
    "price": {
      "value": 7310,
      "shopName": "Compker",
      "shopUrl": "http://compker.hu/termek/16173"
    },
    "properties": [
        {
            "key": "cooler_height_mm",
            "value": 150
        }
    ]
  },
  {
    "brand": "Modecom",
    "modelName": "Oberon PRO Glass",
    "productSiteUrl": "http://modecom.com/en/oberon-pro-glass/",
    "priceSiteUrl": "https://www.arukereso.hu/szamitogep-haz-c3085/modecom/oberon-pro-glass-p393852059/",
    "price": {
      "value": 12890,
      "shopName": "AQUA",
      "shopUrl": "https://www.aqua.hu/modecom-oberon-pro-glass-tap-nelkuli-ablakos-haz-fekete-at-oberon-pg-10-000000-0002-575642.html"
    },
    "properties": [
        {
            "key": "cooler_height_mm",
            "value": 163
        }
    ]
  },
  {
    "brand": "Cooler Master",
    "modelName": "MasterBox E500L",
    "productSiteUrl": "http://www.coolermaster.com/case/mid-tower/masterbox-e500l/",
    "priceSiteUrl": "https://www.arukereso.hu/szamitogep-haz-c3085/cooler-master/masterbox-e500l-mcb-e500l-kn5n-p408225051/",
    "price": {
      "value": 12290,
      "shopName": "iPon",
      "shopUrl": "https://ipon.hu/shop/termek/coolermaster-masterbox-e500l-kek/1652793"
    },
    "properties": [
        {
            "key": "cooler_height_mm",
            "value": 157
        }
    ]
  },
  {
    "brand": "Corsair",
    "modelName": "Carbide 275R",
    "productSiteUrl": "https://www.corsair.com/us/en/Color/Carbide-Series-275R-Tempered-Glass-Mid-Tower-Gaming-Case/p/CC-9011132-WW",
    "priceSiteUrl": "https://www.arukereso.hu/szamitogep-haz-c3085/corsair/carbide-series-275r-cc-9011130-1-2-3-p406507535/",
    "price": {
      "value": 21690,
      "shopName": "iPon",
      "shopUrl": "https://ipon.hu/shop/termek/corsair-carbide-series-275r-ablakos-fekete/1648048"
    },
    "properties": [
        {
            "key": "cooler_height_mm",
            "value": 170
        }
    ]
  },
  {
    "brand": "NZXT",
    "modelName": "S340 Elite",
    "productSiteUrl": "https://www.nzxt.com/products/s340-elite-black",
    "priceSiteUrl": "https://www.arukereso.hu/szamitogep-haz-c3085/nzxt/s340-elite-s340w-b3-b4-b5-w2-p353564481/",
    "price": {
      "value": 26690,
      "shopName": "Alza",
      "shopUrl": "https://www.alza.hu/nzxt-s340-elite-matt-fekete-d4517515.htm"
    },
    "properties": [
        {
            "key": "cooler_height_mm",
            "value": 161
        }
    ]
  }
]