[
    {
      "brand": "Intel",
      "modelName": "Core i5-8400",
      "productSiteUrl": "https://ark.intel.com/products/126687/Intel-Core-i5-8400-Processor-9M-Cache-up-to-4_00-GHz",
      "priceSiteUrl": "https://www.arukereso.hu/processzor-c3139/intel/core-i5-8400-hexa-core-2-8ghz-lga1151-p387631281/",
      "price": {
        "value": 53280,
        "shopName": "Compker",
        "shopUrl": "http://compker.hu/termek/50281"
      },
      "properties": [
          {
              "key": "socket",
              "value": "LGA1151"
          },
          {
            "key": "generation",
            "value": "8"
          },
          {
            "key": "unlocked",
            "value": "false"
          },
          {
            "key": "cores",
            "value": 6
          },
          {
            "key": "threads",
            "value": 6
          },
          {
            "key": "base_frequency_mhz",
            "value": 2800
          },
          {
            "key": "turbo_frequency_mhz",
            "value": 4000
          },
          {
            "key": "cache_l3_mb",
            "value": 9
          },
          {
            "key": "cache_l2_mb",
            "value": 1.5
          },
          {
            "key": "cache_l1_mb",
            "value": 0.386
          },
          {
            "key": "ram_max_mb",
            "value": 64000
          },
          {
            "key": "tdp_w",
            "value": 65
          }
      ]
    },
    {
      "brand": "Intel",
      "modelName": "Core i5-8600K",
      "price": {
        "value": 74190,
        "shopName": "AQUA",
        "shopUrl": "https://www.aqua.hu/intel-core-i5-8600k-36ghz-socket-1151-dobozos-bx80684i58600k-555986.html"
      },
      "properties": [
          {
              "key": "socket",
              "value": "LGA1151"
          },
          {
            "key": "generation",
            "value": "8"
          },
          {
            "key": "unlocked",
            "value": "true"
          },
          {
            "key": "cores",
            "value": 6
          },
          {
            "key": "cores",
            "value": 6
          },
          {
            "key": "base_frequency_mhz",
            "value": 3600
          },
          {
            "key": "turbo_frequency_mhz",
            "value": 4300
          },
          {
            "key": "cache_l3_mb",
            "value": 9
          },
          {
            "key": "cache_l2_mb",
            "value": 1.5
          },
          {
            "key": "cache_l1_mb",
            "value": 0.386
          },
          {
            "key": "ram_max_mb",
            "value": 64000
          },
          {
            "key": "tdp_w",
            "value": 95
          }
      ]
    },
    {
      "brand": "Intel",
      "modelName": "Core i7-8700K",
      "price": {
        "value": 105490,
        "shopName": "AQUA",
        "shopUrl": "https://www.aqua.hu/intel-core-i7-8700k-37ghz-socket-1151-dobozos-bx80684i78700k-555908.html"
      },
      "properties": [
          {
              "key": "socket",
              "value": "LGA1151"
          },
          {
            "key": "generation",
            "value": "8"
          },
          {
            "key": "unlocked",
            "value": "true"
          },
          {
            "key": "cores",
            "value": 6
          },
          {
            "key": "cores",
            "value": 12
          },
          {
            "key": "base_frequency_mhz",
            "value": 3700
          },
          {
            "key": "turbo_frequency_mhz",
            "value": 4700
          },
          {
            "key": "cache_l3_mb",
            "value": 12
          },
          {
            "key": "cache_l2_mb",
            "value": 1.5
          },
          {
            "key": "cache_l1_mb",
            "value": 0.386
          },
          {
            "key": "ram_max_mb",
            "value": 64000
          },
          {
            "key": "tdp_w",
            "value": 95
          }
      ]
    }   
]