[
    {
      "brand": "Intel",
      "modelName": "Core i5-8400",
      "productSiteUrl": "https://ark.intel.com/products/126687/Intel-Core-i5-8400-Processor-9M-Cache-up-to-4_00-GHz",
      "priceSiteUrl": "https://www.arukereso.hu/processzor-c3139/intel/core-i5-8400-hexa-core-2-8ghz-lga1151-p387631281/",
      "price": {
        "value": 53280,
        "shopName": "Compker",
        "shopUrl": "http://compker.hu/termek/50281"
      },
      "properties": [
          {
              "key": "socket",
              "value": "LGA1151"
          },
          {
            "key": "generation",
            "value": "8"
          },
          {
            "key": "unlocked",
            "value": "false"
          },
          {
            "key": "cores",
            "value": 6
          },
          {
            "key": "threads",
            "value": 6
          },
          {
            "key": "base_frequency_mhz",
            "value": 2800
          },
          {
            "key": "turbo_frequency_mhz",
            "value": 4000
          },
          {
            "key": "ram_max_mb",
            "value": 64000
          },
          {
            "key": "tdp_w",
            "value": 65
          }
      ]
    },
    {
      "brand": "Intel",
      "modelName": "Core i5-8600K",
      "price": {
        "value": 74190,
        "shopName": "AQUA",
        "shopUrl": "https://www.aqua.hu/intel-core-i5-8600k-36ghz-socket-1151-dobozos-bx80684i58600k-555986.html"
      },
      "properties": [
          {
              "key": "socket",
              "value": "LGA1151"
          },
          {
            "key": "generation",
            "value": "8"
          },
          {
            "key": "unlocked",
            "value": "true"
          },
          {
            "key": "cores",
            "value": 6
          },
          {
            "key": "cores",
            "value": 6
          },
          {
            "key": "base_frequency_mhz",
            "value": 3600
          },
          {
            "key": "turbo_frequency_mhz",
            "value": 4300
          },
          {
            "key": "ram_max_mb",
            "value": 64000
          },
          {
            "key": "tdp_w",
            "value": 95
          }
      ]
    },
    {
      "brand": "Intel",
      "modelName": "Core i7-8700K",
      "price": {
        "value": 105490,
        "shopName": "AQUA",
        "shopUrl": "https://www.aqua.hu/intel-core-i7-8700k-37ghz-socket-1151-dobozos-bx80684i78700k-555908.html"
      },
      "properties": [
          {
              "key": "socket",
              "value": "LGA1151"
          },
          {
            "key": "generation",
            "value": "8"
          },
          {
            "key": "unlocked",
            "value": "true"
          },
          {
            "key": "cores",
            "value": 6
          },
          {
            "key": "cores",
            "value": 12
          },
          {
            "key": "base_frequency_mhz",
            "value": 3700
          },
          {
            "key": "turbo_frequency_mhz",
            "value": 4700
          },
          {
            "key": "ram_max_mb",
            "value": 64000
          },
          {
            "key": "tdp_w",
            "value": 95
          }
      ]
    },
    {
      "brand": "AMD",
      "modelName": "Ryzen 5 5600X",
      "price": {
        "value": 78160,
        "shopName": "Bestmarkt",
        "shopUrl": "https://www.bestmarkt.hu/amd-ryzen-5-5600x-37ghz-sam4-processzor-box-p648174"
      },
      "properties": [
          {
              "key": "socket",
              "value": "AM4"
          },
          {
            "key": "generation",
            "value": "5"
          },
          {
            "key": "unlocked",
            "value": "true"
          },
          {
            "key": "cores",
            "value": 6
          },
          {
            "key": "cores",
            "value": 12
          },
          {
            "key": "base_frequency_mhz",
            "value": 3700
          },
          {
            "key": "turbo_frequency_mhz",
            "value": 4600
          },
          {
            "key": "ram_max_mb",
            "value": 128000
          },
          {
            "key": "tdp_w",
            "value": 65
          }
      ]
    },
    {
      "brand": "Intel",
      "modelName": "Core i5-13600K",
      "price": {
        "value": 162810,
        "shopName": "Bestmarkt",
        "shopUrl": "https://www.bestmarkt.hu/intel-core-i5-13600k-35ghz-s1700-processzor-box-p771306"
      },
      "properties": [
          {
              "key": "socket",
              "value": "LGA1700"
          },
          {
            "key": "generation",
            "value": "13"
          },
          {
            "key": "unlocked",
            "value": "true"
          },
          {
            "key": "cores",
            "value": 14
          },
          {
            "key": "cores",
            "value": 20
          },
          {
            "key": "base_frequency_mhz",
            "value": 2600
          },
          {
            "key": "turbo_frequency_mhz",
            "value": 5100
          },
          {
            "key": "ram_max_mb",
            "value": 128000
          },
          {
            "key": "tdp_w",
            "value": 125
          }
      ]
    }
]