[
    {
      "brand": "Zotac",
      "modelName": "GTX 1060 AMP!",
      "price": {
        "value": 101390
      },
      "properties": [
        {
          "key": "base_frequency_mhz",
          "value": 1556
        },
        {
          "key": "boost_frequency_mhz",
          "value": 1771
        },
        {
          "key": "vram_amount_mb",
          "value": 6000
        },
        {
          "key": "vram_frequency_mhz",
          "value": 8008
        },
        {
          "key": "cuda_core_amount",
          "value": 1280
        },
        {
          "key": "memory_bus_width",
          "value": 192
        },
        {
          "key": "pcie_version",
          "value": "3.0"
        }
      ]
    },
    {
      "brand": "ASUS",
      "modelName": "Dual GTX 1060 OC",
      "price": {
        "value": 110530
      },
      "properties": [
        {
          "key": "base_frequency_mhz",
          "value": 1594
        },
        {
          "key": "boost_frequency_mhz",
          "value": 1809
        },
        {
          "key": "vram_amount_mb",
          "value": 6000
        },
        {
          "key": "vram_frequency_mhz",
          "value": 8008
        },
        {
          "key": "cuda_core_amount",
          "value": 1280
        },
        {
          "key": "memory_bus_width",
          "value": 192
        },
        {
          "key": "pcie_version",
          "value": "3.0"
        }
      ]
    },
    {
      "brand": "MSI",
      "modelName": "GTX 1060 Armor OC",
      "price": {
        "value": 101880
      },
      "properties": [
        {
          "key": "base_frequency_mhz",
          "value": 1544
        },
        {
          "key": "boost_frequency_mhz",
          "value": 1759
        },
        {
          "key": "vram_amount_mb",
          "value": 6000
        },
        {
          "key": "vram_frequency_mhz",
          "value": 8008
        },
        {
          "key": "cuda_core_amount",
          "value": 1280
        },
        {
          "key": "memory_bus_width",
          "value": 192
        },
        {
          "key": "pcie_version",
          "value": "3.0"
        }
      ]
    },
    {
      "brand": "MSI",
      "modelName": "GTX 1060 Gaming X",
      "price": {
        "value": 111890
      },
      "properties": [
        {
          "key": "base_frequency_mhz",
          "value": 1594
        },
        {
          "key": "boost_frequency_mhz",
          "value": 1809
        },
        {
          "key": "vram_amount_mb",
          "value": 6000
        },
        {
          "key": "vram_frequency_mhz",
          "value": 8108
        },
        {
          "key": "cuda_core_amount",
          "value": 1280
        },
        {
          "key": "memory_bus_width",
          "value": 192
        },
        {
          "key": "pcie_version",
          "value": "3.0"
        }
      ]
    },
    {
      "brand": "ASUS",
      "modelName": "Strix GTX 1060 OC",
      "price": {
        "value": 127400
      },
      "properties": [
        {
          "key": "base_frequency_mhz",
          "value": 1645
        },
        {
          "key": "boost_frequency_mhz",
          "value": 1873
        },
        {
          "key": "vram_amount_mb",
          "value": 6000
        },
        {
          "key": "vram_frequency_mhz",
          "value": 8208
        },
        {
          "key": "cuda_core_amount",
          "value": 1280
        },
        {
          "key": "memory_bus_width",
          "value": 192
        },
        {
          "key": "pcie_version",
          "value": "3.0"
        }
      ]
    },
    {
      "brand": "Gigabyte",
      "modelName": "Aorus GTX 1060",
      "price": {
        "value": 118490
      },
      "properties": [
        {
          "key": "base_frequency_mhz",
          "value": 1632
        },
        {
          "key": "boost_frequency_mhz",
          "value": 1860
        },
        {
          "key": "vram_amount_mb",
          "value": 6000
        },
        {
          "key": "vram_frequency_mhz",
          "value": 9026
        },
        {
          "key": "cuda_core_amount",
          "value": 1280
        },
        {
          "key": "memory_bus_width",
          "value": 192
        },
        {
          "key": "pcie_version",
          "value": "3.0"
        }
      ]
    }
]