[
  {
    "brand": "Toshiba",
    "modelName": "DT01ACA100",
    "price": {
      "value": 11090
    },
    "properties": [
      {
        "key": "capacity_gb",
        "value": 1000
      },
      {
        "key": "speed_rpm",
        "value": 7200
      },
      {
        "key": "cache_mb",
        "value": 32
      }
    ]
  },
  {
    "brand": "Western Digital",
    "modelName": "Blue (10EZEX)",
    "imagePath": "wd10ezex",
    "price": {
      "value": 11490
    },
    "properties": [
      {
        "key": "capacity_gb",
        "value": 1000
      },
      {
        "key": "speed_rpm",
        "value": 7200
      },
      {
        "key": "cache_mb",
        "value": 64
      }
    ]
  },
  {
    "brand": "Toshiba",
    "modelName": "DT01ACA200",
    "imagePath": "Toshiba_DT01ACAxxx",
    "price": {
      "value": 15807
    },
    "properties": [
      {
        "key": "capacity_gb",
        "value": 2000
      },
      {
        "key": "speed_rpm",
        "value": 7200
      },
      {
        "key": "cache_mb",
        "value": 64
      }
    ]
  },
  {
    "brand": "Toshiba",
    "modelName": "DT01ACA300",
    "imagePath": "Toshiba_DT01ACAxxx",
    "price": {
      "value": 20142
    },
    "properties": [
      {
        "key": "capacity_gb",
        "value": 3000
      },
      {
        "key": "speed_rpm",
        "value": 7200
      },
      {
        "key": "cache_mb",
        "value": 64
      }
    ]
  },
  {
    "brand": "Western Digital",
    "modelName": "Black (1003FZEX)",
    "imagePath": "WD1003FZEX",
    "price": {
      "value": 22680
    },
    "properties": [
      {
        "key": "capacity_gb",
        "value": 1000
      },
      {
        "key": "speed_rpm",
        "value": 7200
      },
      {
        "key": "cache_mb",
        "value": 64
      }
    ]
  },
  {
    "brand": "Western Digital",
    "modelName": "Black (2003FZEX)",
    "imagePath": "WD2003FZEX",
    "price": {
      "value": 35350
    },
    "properties": [
      {
        "key": "capacity_gb",
        "value": 2000
      },
      {
        "key": "speed_rpm",
        "value": 7200
      },
      {
        "key": "cache_mb",
        "value": 64
      }
    ]
  },
  {
    "brand": "Western Digital",
    "modelName": "Black (4005FZBX)",
    "imagePath": "WD4003FZEX",
    "price": {
      "value": 56690
    },
    "properties": [
      {
        "key": "capacity_gb",
        "value": 4000
      },
      {
        "key": "speed_rpm",
        "value": 7200
      },
      {
        "key": "cache_mb",
        "value": 256
      }
    ]
  }
]