[
  {
    "brand": "Gigabyte",
    "modelName": "Z370P D3",
    "price": {
      "value": 31990
    },
    "properties": [
      {
        "key": "form_factor",
        "value": "ATX"
      },
      {
        "key": "socket",
        "value": "LGA1151"
      },
      {
        "key": "chipset",
        "value": "Z370"
      },
      {
        "key": "ram_slot",
        "value": "DDR4"
      },
      {
        "key": "ram_slot_count",
        "value": 4
      },
      {
        "key": "ram_max_mb",
        "value": 64000
      },
      {
        "key": "pcie_version",
        "value": "3.0"
      }
    ]
  },
  {
    "brand": "Gigabyte",
    "modelName": "Z370 HD3",
    "price": {
      "value": 36280
    },
    "properties": [
      {
        "key": "form_factor",
        "value": "ATX"
      },
      {
        "key": "socket",
        "value": "LGA1151"
      },
      {
        "key": "chipset",
        "value": "Z370"
      },
      {
        "key": "ram_slot",
        "value": "DDR4"
      },
      {
        "key": "ram_slot_count",
        "value": 4
      },
      {
        "key": "ram_max_mb",
        "value": 64000
      },
      {
        "key": "pcie_version",
        "value": "3.0"
      }
    ]
  }
]