[
  {
    "brand": "Gigabyte",
    "modelName": "Z370P D3",
    "price": {
      "value": 31990
    },
    "properties": [
      {
        "key": "form_factor",
        "value": "ATX"
      },
      {
        "key": "socket",
        "value": "LGA1151"
      },
      {
        "key": "chipset",
        "value": "Intel Z370"
      },
      {
        "key": "ram_slot",
        "value": "DDR4"
      },
      {
        "key": "ram_slot_count",
        "value": 4
      },
      {
        "key": "ram_max_mb",
        "value": 64000
      },
      {
        "key": "pcie_version",
        "value": "3.0"
      }
    ]
  },
  {
    "brand": "Gigabyte",
    "modelName": "Z370 HD3",
    "price": {
      "value": 36280
    },
    "properties": [
      {
        "key": "form_factor",
        "value": "ATX"
      },
      {
        "key": "socket",
        "value": "LGA1151"
      },
      {
        "key": "chipset",
        "value": "Intel Z370"
      },
      {
        "key": "ram_slot",
        "value": "DDR4"
      },
      {
        "key": "ram_slot_count",
        "value": 4
      },
      {
        "key": "ram_max_mb",
        "value": 64000
      },
      {
        "key": "pcie_version",
        "value": "3.0"
      }
    ]
  },
  {
    "brand": "Asus",
    "modelName": "STRIX B550-F",
    "productSiteUrl": "https://rog.asus.com/motherboards/rog-strix/rog-strix-b550-f-gaming-model/",
    "priceSiteUrl": "https://www.arukereso.hu/alaplap-c3128/asus/rog-strix-b550-f-gaming-p569216646/",
    "price": {
      "value": 78890,
      "shopName": "Alza",
      "shopUrl": "https://www.alza.hu/asus-rog-strix-b550-f-gaming-d5868849.htm"
    },
    "properties": [
      {
        "key": "form_factor",
        "value": "ATX"
      },
      {
        "key": "socket",
        "value": "AM4"
      },
      {
        "key": "chipset",
        "value": "AMD B550"
      },
      {
        "key": "ram_slot",
        "value": "DDR4"
      },
      {
        "key": "ram_slot_count",
        "value": 4
      },
      {
        "key": "ram_max_mb",
        "value": 128000
      },
      {
        "key": "pcie_version",
        "value": "4.0"
      }
    ]
  },
  {
    "brand": "Asus",
    "modelName": "PRIME Z790-A WIFI",
    "productSiteUrl": "https://www.asus.com/motherboards-components/motherboards/prime/prime-z790-a-wifi/",
    "priceSiteUrl": "https://www.arukereso.hu/alaplap-c3128/asus/prime-z790-a-wifi-p875572281",
    "price": {
      "value": 141990,
      "shopName": "Aqua",
      "shopUrl": "https://aqua.hu/alkatreszek/asus-prime-z790-a-wifi-alaplap-t1275443"
    },
    "properties": [
      {
        "key": "form_factor",
        "value": "ATX"
      },
      {
        "key": "socket",
        "value": "LGA1700"
      },
      {
        "key": "chipset",
        "value": "Intel Z790"
      },
      {
        "key": "ram_slot",
        "value": "DDR5"
      },
      {
        "key": "ram_slot_count",
        "value": 4
      },
      {
        "key": "ram_max_mb",
        "value": 128000
      },
      {
        "key": "pcie_version",
        "value": "4.0"
      }
    ]
  }
]