{
    "id": "hackintoshv2",
    "name": "Hackintosh Build v2 - Best Shop",
    "currencyPrefix": "",
    "currencySuffix": " Ft",
    "categories": [
      {
        "type": "MB",
        "priceSiteUrl": "https://www.arukereso.hu/alaplap-c3128/",
        "defaultSelection": 1
      },
      {
        "type": "CPU",
        "priceSiteUrl": "https://www.arukereso.hu/processzor-c3139/",
        "defaultSelection": 1
      },
      {
        "type": "RAM",
        "priceSiteUrl": "https://www.arukereso.hu/memoria-modul-c3577/",
        "defaultSelection": 2
      },
      {
        "type": "GPU",
        "priceSiteUrl": "https://www.arukereso.hu/videokartya-c3142/"
      },
      {
        "type": "SSD",
        "priceSiteUrl": "https://ssd-meghajto.arukereso.hu/",
        "defaultSelection": 2,
        "enabledByDefault": false
      },
      {
        "type": "HDD",
        "priceSiteUrl": "https://www.arukereso.hu/merevlemez-c3103/",
        "defaultSelection": 2
      },
      {
        "type": "AirCooler",
        "priceSiteUrl": "https://www.arukereso.hu/szamitogep-huto-c3094/f:processzor,aktiv-huto/",
        "defaultSelection": 3
      },
      {
        "type": "WaterCooler",
        "priceSiteUrl": "https://www.arukereso.hu/szamitogep-huto-c3094/f:processzor,vizhutes/",
        "enabledByDefault": false
      },
      {
        "type": "PSU",
        "priceSiteUrl": "https://www.arukereso.hu/tapegyseg-c3158/",
        "defaultSelection": 2
      },
      {
        "type": "Case",
        "priceSiteUrl": "https://www.arukereso.hu/szamitogep-haz-c3085/",
        "defaultSelection": 2
      }
    ]
  }