[
    {
        "brand": "Corsair",
        "modelName": "VS550",
        "price": {
          "value": 14472
        },
        "properties": [
          {
            "key": "performance_w",
            "value": 550
          }
        ]
    },
    {
        "brand": "Corsair",
        "modelName": "VS650",
        "price": {
          "value": 17990
        },
        "properties": [
          {
            "key": "performance_w",
            "value": 650
          }
        ]
    },
    {
        "brand": "Corsair",
        "modelName": "CX550M",
        "price": {
          "value": 20560
        },
        "properties": [
          {
            "key": "performance_w",
            "value": 550
          },
          {
            "key": "efficiency_rating",
            "value": "Bronze"
          },
          {
            "key": "modularity",
            "value": "Semi-Modular"
          }
        ]
    },
    {
        "brand": "Corsair",
        "modelName": "CX650M",
        "price": {
          "value": 23540
        },
        "properties": [
          {
            "key": "performance_w",
            "value": 650
          },
          {
            "key": "efficiency_rating",
            "value": "Bronze"
          },
          {
            "key": "modularity",
            "value": "Semi-Modular"
          }
        ]
    },
    {
        "brand": "Corsair",
        "modelName": "TX550M",
        "price": {
          "value": 24470
        },
        "properties": [
          {
            "key": "performance_w",
            "value": 550
          },
          {
            "key": "efficiency_rating",
            "value": "Gold"
          },
          {
            "key": "modularity",
            "value": "Semi-Modular"
          }
        ]
    },
    {
        "brand": "Corsair",
        "modelName": "TX650M",
        "price": {
          "value": 27790
        },
        "properties": [
          {
            "key": "performance_w",
            "value": 650
          },
          {
            "key": "efficiency_rating",
            "value": "Gold"
          },
          {
            "key": "modularity",
            "value": "Semi-Modular"
          }
        ]
    },
    {
        "brand": "Corsair",
        "modelName": "RM550x",
        "price": {
          "value": 29580
        },
        "properties": [
          {
            "key": "performance_w",
            "value": 550
          },
          {
            "key": "efficiency_rating",
            "value": "Gold"
          },
          {
            "key": "modularity",
            "value": "Modular"
          }
        ]
    }
]