[
    {
        "brand": "Kingston",
        "modelName": "HyperX FURY",
        "price": {
          "value": 30630
        },
        "properties": [
          {
            "key": "ram_slot",
            "value": "DDR4"
          },
          {
            "key": "frequency_mhz",
            "value": 2400
          },
          {
            "key": "capacity_per_stick_mb",
            "value": 4000
          },
          {
            "key": "stick_count",
            "value": 2
          },
          {
            "key": "latency",
            "value": "CL 15"
          }
        ]
    },
    {
        "brand": "Kingston",
        "modelName": "HyperX FURY",
        "price": {
          "value": 54220
        },
        "properties": [
          {
            "key": "ram_slot",
            "value": "DDR4"
          },
          {
            "key": "frequency_mhz",
            "value": 2400
          },
          {
            "key": "capacity_per_stick_mb",
            "value": 8000
          },
          {
            "key": "stick_count",
            "value": 2
          },
          {
            "key": "latency",
            "value": "CL 15"
          }
        ]
    },
    {
        "brand": "G.Skill",
        "modelName": "Aegis",
        "price": {
          "value": 28088
        },
        "properties": [
          {
            "key": "ram_slot",
            "value": "DDR4"
          },
          {
            "key": "frequency_mhz",
            "value": 2400
          },
          {
            "key": "capacity_per_stick_mb",
            "value": 4000
          },
          {
            "key": "stick_count",
            "value": 2
          },
          {
            "key": "latency",
            "value": "CL 15"
          }
        ]
    },
    {
        "brand": "G.Skill",
        "modelName": "Aegis",
        "price": {
          "value": 49173
        },
        "properties": [
          {
            "key": "ram_slot",
            "value": "DDR4"
          },
          {
            "key": "frequency_mhz",
            "value": 3000
          },
          {
            "key": "capacity_per_stick_mb",
            "value": 8000
          },
          {
            "key": "stick_count",
            "value": 2
          },
          {
            "key": "latency",
            "value": "CL 16"
          }
        ]
    }
]