[
    {
        "brand": "Kingston",
        "modelName": "HyperX FURY",
        "imagePath": "Kingston_HyperX_Fury_DDR4_2Slot.png",
        "price": {
          "value": 30630
        },
        "properties": [
          {
            "key": "ram_slot",
            "value": "DDR4"
          },
          {
            "key": "frequency_mhz",
            "value": 2400
          },
          {
            "key": "capacity_per_stick_mb",
            "value": 4000
          },
          {
            "key": "stick_count",
            "value": 2
          },
          {
            "key": "latency",
            "value": "CL 15"
          }
        ]
    },
    {
        "brand": "Kingston",
        "modelName": "HyperX FURY",
        "imagePath": "Kingston_HyperX_Fury_DDR4_2Slot.png",
        "price": {
          "value": 54220
        },
        "properties": [
          {
            "key": "ram_slot",
            "value": "DDR4"
          },
          {
            "key": "frequency_mhz",
            "value": 2400
          },
          {
            "key": "capacity_per_stick_mb",
            "value": 8000
          },
          {
            "key": "stick_count",
            "value": 2
          },
          {
            "key": "latency",
            "value": "CL 15"
          }
        ]
    },
    {
        "brand": "G.Skill",
        "modelName": "Aegis",
        "imagePath": "G.Skill_Aegis_DDR4_2Slot.png",
        "price": {
          "value": 28088
        },
        "properties": [
          {
            "key": "ram_slot",
            "value": "DDR4"
          },
          {
            "key": "frequency_mhz",
            "value": 2400
          },
          {
            "key": "capacity_per_stick_mb",
            "value": 4000
          },
          {
            "key": "stick_count",
            "value": 2
          },
          {
            "key": "latency",
            "value": "CL 15"
          }
        ]
    },
    {
        "brand": "G.Skill",
        "modelName": "Aegis",
        "imagePath": "G.Skill_Aegis_DDR4_2Slot.png",
        "price": {
          "value": 49173
        },
        "properties": [
          {
            "key": "ram_slot",
            "value": "DDR4"
          },
          {
            "key": "frequency_mhz",
            "value": 3000
          },
          {
            "key": "capacity_per_stick_mb",
            "value": 8000
          },
          {
            "key": "stick_count",
            "value": 2
          },
          {
            "key": "latency",
            "value": "CL 16"
          }
        ]
    },
    {
        "brand": "Kingston",
        "modelName": "FURY Renegade",
        "priceSiteUrl": "https://www.arukereso.hu/memoria-modul-c3577/kingston/fury-renegade-32gb-2x16gb-ddr5-6000mhz-kf560c32rsk2-32-p834733767/",
        "price": {
          "value": 105490,
          "shopName": "AQUA",
          "shopUrl": "https://aqua.hu/alkatreszek/32gb-6000mhz-ddr5-ram-kingston-fury-renegade-cl32-2x16gb-kf560c32rsk2-32-t1281455"
        },
        "properties": [
          {
            "key": "ram_slot",
            "value": "DDR5"
          },
          {
            "key": "frequency_mhz",
            "value": 6000
          },
          {
            "key": "capacity_per_stick_mb",
            "value": 16000
          },
          {
            "key": "stick_count",
            "value": 2
          },
          {
            "key": "latency",
            "value": "CL 32"
          }
        ]
    }
]