[
    {
        "brand": "ADATA",
        "modelName": "SU800",
        "price": {
          "value": 12290
        },
        "properties": [
          {
            "key": "capacity_gb",
            "value": 128
          }
        ]
    },
    {
        "brand": "ADATA",
        "modelName": "SP920",
        "price": {
          "value": 15690
        },
        "properties": [
          {
            "key": "capacity_gb",
            "value": 128
          }
        ]
    },
    {
        "brand": "Samsung",
        "modelName": "860 EVO Basic",
        "price": {
          "value": 20890
        },
        "properties": [
          {
            "key": "capacity_gb",
            "value": 250
          }
        ]
    },
    {
        "brand": "Samsung",
        "modelName": "860 EVO Basic",
        "price": {
          "value": 33480
        },
        "properties": [
          {
            "key": "capacity_gb",
            "value": 500
          }
        ]
    }
]