<root>
    <Case>
        <ComponentInfo>
            <brand>LC-Power</brand>
            <model_number>7038B</model_number>
            <price>7200</price>
            <price_site>https://www.arukereso.hu/szamitogep-haz-c3085/lc-power/7038b-p398639399/</price_site>
            <shop_site>https://www.bestmarkt.hu/lc-power-7038b-szamitogephaz-fekete-p420450</shop_site>
            <product_site>http://www.lc-power.com/en/product/gehaeuse/atx-classic-12cm-psu/7038b/</product_site>
        </ComponentInfo>
        <cooler_height_mm>145</cooler_height_mm>
    </Case>
    <Case>
        <ComponentInfo>
            <brand>Aerocool</brand>
            <model_number>V3X</model_number>
            <price>7310</price>
            <price_site>https://www.arukereso.hu/szamitogep-haz-c3085/aerocool/v3x-advance-p166159478/</price_site>
            <shop_site>http://compker.hu/termek/16173</shop_site>
            <product_site>https://www.aerocool.com.tw/en/chssis/pgs-v/v3x</product_site>
        </ComponentInfo>
        <cooler_height_mm>150</cooler_height_mm>
    </Case>
    <Case>
        <ComponentInfo>
            <brand>Sharkoon</brand>
            <model_number>VG4-S</model_number>
            <price>7530</price>
            <price_site>https://www.arukereso.hu/szamitogep-haz-c3085/sharkoon/vg4-s-p246955057/</price_site>
            <shop_site>https://www.bestmarkt.hu/sharkoon-vg4-s-szamitogephaz-fekete-p309224</shop_site>
            <product_site>https://en.sharkoon.com/product/1678/16167</product_site>
        </ComponentInfo>
        <cooler_height_mm>160</cooler_height_mm>
    </Case>
    <Case>
        <ComponentInfo>
            <brand>Aerocool</brand>
            <model_number>V2X</model_number>
            <price>8500</price>
            <price_site>https://www.arukereso.hu/szamitogep-haz-c3085/aerocool/v2x-p243836831/</price_site>
            <shop_site>http://compker.hu/termek/24438</shop_site>
            <product_site>https://www.aerocool.com.tw/en/chssis/pgs-v/v2x</product_site>
        </ComponentInfo>
        <cooler_height_mm>150</cooler_height_mm>
    </Case>
    <Case>
        <ComponentInfo>
            <brand>Modecom</brand>
            <model_number>Ariel</model_number>
            <price>9345</price>
            <price_site>https://www.arukereso.hu/szamitogep-haz-c3085/modecom/ariel-p359484195/</price_site>
            <shop_site>https://www.pcx.hu/modecom-ariel-at-ariel-10-000000-0002-fekete-szamitogep-haz-357780</shop_site>
            <product_site>http://modecom.com/en/modecom-ariel/</product_site>
        </ComponentInfo>
        <cooler_height_mm>160</cooler_height_mm>
    </Case>
    <Case>
        <ComponentInfo>
            <brand>Modecom</brand>
            <model_number>Oberon PRO</model_number>
            <price>11040</price>
            <price_site>https://www.arukereso.hu/szamitogep-haz-c3085/modecom/oberon-pro-p393852061/</price_site>
            <shop_site>https://www.bestmarkt.hu/modecom-oberon-pro-window-szamitogephaz-fekete-p412926</shop_site>
            <product_site>http://modecom.com/en/oberon-pro/</product_site>
        </ComponentInfo>
        <cooler_height_mm>163</cooler_height_mm>
    </Case>
    <Case>
        <ComponentInfo>
            <brand>Modecom</brand>
            <model_number>Oberon PRO Silent</model_number>
            <price>12090</price>
            <price_site>https://www.arukereso.hu/szamitogep-haz-c3085/modecom/oberon-pro-silent-p393852041/</price_site>
            <shop_site>https://www.aqua.hu/modecom-oberon-pro-silent-tap-nelkuli-haz-fekete-at-oberon-ps-10-000000-0002-575656.html</shop_site>
            <product_site>http://modecom.com/en/oberon-pro-silent/</product_site>
        </ComponentInfo>
        <cooler_height_mm>163</cooler_height_mm>
    </Case>
    <Case>
        <ComponentInfo>
            <brand>Modecom</brand>
            <model_number>Oberon PRO Glass</model_number>
            <price>12890</price>
            <price_site>https://www.arukereso.hu/szamitogep-haz-c3085/modecom/oberon-pro-glass-p393852059/</price_site>
            <shop_site>https://www.aqua.hu/modecom-oberon-pro-glass-tap-nelkuli-ablakos-haz-fekete-at-oberon-pg-10-000000-0002-575642.html</shop_site>
            <product_site>http://modecom.com/en/oberon-pro-glass/</product_site>
        </ComponentInfo>
        <cooler_height_mm>163</cooler_height_mm>
    </Case>
    <Case>
        <ComponentInfo>
            <brand>Sharkoon</brand>
            <model_number>VG4-W</model_number>
            <price>13390</price>
            <price_site>https://www.arukereso.hu/szamitogep-haz-c3085/sharkoon/vg4-w-p243822267/</price_site>
            <shop_site>https://ipon.hu/shop/termek/sharkoon-vg4w-fekete/776466</shop_site>
            <product_site>https://en.sharkoon.com/product/1678/VG4W</product_site>
        </ComponentInfo>
        <cooler_height_mm>160</cooler_height_mm>
    </Case>
    <Case>
        <ComponentInfo>
            <brand>Cooler Master</brand>
            <model_number>K280</model_number>
            <price>11980</price>
            <price_site>https://www.arukereso.hu/szamitogep-haz-c3085/cooler-master/k280-rc-k280-kkn1-p145011200/</price_site>
            <shop_site>http://compker.hu/termek/11483</shop_site>
            <product_site>http://www.coolermaster.com/case/mid-tower/k280/</product_site>
        </ComponentInfo>
        <cooler_height_mm>162</cooler_height_mm>
    </Case>
    <Case>
        <ComponentInfo>
            <brand>Cooler Master</brand>
            <model_number>MasterBox E500L</model_number>
            <price>12290</price>
            <price_site>https://www.arukereso.hu/szamitogep-haz-c3085/cooler-master/masterbox-e500l-mcb-e500l-kn5n-p408225051/</price_site>
            <shop_site>https://ipon.hu/shop/termek/coolermaster-masterbox-e500l-kek/1652793</shop_site>
            <product_site>http://www.coolermaster.com/case/mid-tower/masterbox-e500l/</product_site>
        </ComponentInfo>
        <cooler_height_mm>157</cooler_height_mm>
    </Case>
    <Case>
        <ComponentInfo>
            <brand>Cooler Master</brand>
            <model_number>N300</model_number>
            <price>13691</price>
            <price_site>https://www.arukereso.hu/szamitogep-haz-c3085/cooler-master/n300-nse-300-kkn1-p174908825/</price_site>
            <shop_site>https://www.bestmarkt.hu/cooler-master-n300-tap-nelkuli-fekete-atx-haz-p221416</shop_site>
            <product_site>http://www.coolermaster.com/case/mid-tower/n300/</product_site>
        </ComponentInfo>
        <cooler_height_mm>164</cooler_height_mm>
    </Case>
    <Case>
        <ComponentInfo>
            <brand>Cooler Master</brand>
            <model_number>MasterBox 5t</model_number>
            <price>15697</price>
            <price_site>https://www.arukereso.hu/szamitogep-haz-c3085/cooler-master/masterbox-5t-mcx-b5s3t-rwnn-p354793419/</price_site>
            <shop_site>https://www.pcx.hu//cooler-master-masterbox-5t-window-mcx-b5s3t-rwnn-szamitogep-haz-507140</shop_site>
            <product_site>http://www.coolermaster.com/case/mid-tower/masterbox-5t/</product_site>
        </ComponentInfo>
        <cooler_height_mm>167</cooler_height_mm>
    </Case>
    <Case>
        <ComponentInfo>
            <brand>Corsair</brand>
            <model_number>Carbide SPEC-01</model_number>
            <price>15990</price>
            <price_site>https://www.arukereso.hu/szamitogep-haz-c3085/corsair/carbide-series-spec-01-cc-9011050-6-p226281170/</price_site>
            <shop_site>https://www.emag.hu/corsair-szamitogephaz-carbide-series-spec-01-red-led-tap-nelkuli-fekete-cc-9011050-ww/pd/DF689MBBM/</shop_site>
            <product_site>https://www.corsair.com/uk/en/Categories/Products/Cases/Carbide-Series%E2%84%A2-SPEC-01-Red-LED-Mid-Tower-Gaming-Case/p/CC-9011050-WW</product_site>
        </ComponentInfo>
        <cooler_height_mm>150</cooler_height_mm>
    </Case>
    <Case>
        <ComponentInfo>
            <brand>Corsair</brand>
            <model_number>Carbide 100R</model_number>
            <price>16430</price>
            <price_site>https://www.arukereso.hu/szamitogep-haz-c3085/corsair/carbide-series-100r-cc-9011075-p272928153/</price_site>
            <shop_site>http://compker.hu/termek/26116</shop_site>
            <product_site>https://www.corsair.com/us/en/Categories/Products/Cases/Carbide-Series%E2%84%A2-100R-Mid-Tower-Case/p/CC-9011075-WW</product_site>
        </ComponentInfo>
        <cooler_height_mm>150</cooler_height_mm>
    </Case>
    <Case>
        <ComponentInfo>
            <brand>Corsair</brand>
            <model_number>Carbide SPEC-05</model_number>
            <price>16990</price>
            <price_site>https://www.arukereso.hu/szamitogep-haz-c3085/corsair/carbide-series-spec-05-cc-9011138-p409934109/</price_site>
            <shop_site>https://www.emag.hu/corsair-szamitogephaz-carbide-series-spec-05-tap-nelkuli-ablakos-fekete-cc-9011138-ww/pd/DZ5X1JBBM/</shop_site>
            <product_site>https://www.corsair.com/us/en/Categories/Products/Cases/Mid-Tower-ATX-Cases/Carbide-Series-SPEC-05-Mid-Tower-Gaming-Case-%E2%80%94-Black/p/CC-9011138-WW</product_site>
        </ComponentInfo>
        <cooler_height_mm>150</cooler_height_mm>
    </Case>
    <Case>
        <ComponentInfo>
            <brand>Corsair</brand>
            <model_number>Carbide SPEC-04</model_number>
            <price>16990</price>
            <price_site>https://www.arukereso.hu/szamitogep-haz-c3085/corsair/carbide-series-spec-04-cc-9011107-8-9-p368680203/</price_site>
            <shop_site>https://www.emag.hu/corsair-szamitogephaz-carbide-series-spec-04-tap-nelkuli-ablakos-fekete-szurke-cc-9011109-ww/pd/D3BJW9BBM/</shop_site>
            <product_site>https://www.corsair.com/eu/en/Color/spec-04-config/p/CC-9011109-WW</product_site>
        </ComponentInfo>
        <cooler_height_mm>150</cooler_height_mm>
    </Case>
    <Case>
        <ComponentInfo>
            <brand>Corsair</brand>
            <model_number>Carbide SPEC-03</model_number>
            <price>16990</price>
            <price_site>https://www.arukereso.hu/szamitogep-haz-c3085/corsair/carbide-series-spec-03-p232236443/</price_site>
            <shop_site>https://www.alza.hu/corsair-spec-03-red-led-carbide-series-fekete-atlatszo-oldallap-d1527132.htm</shop_site>
            <product_site>https://www.corsair.com/us/en/Categories/Products/Cases/Carbide-Series%E2%84%A2-SPEC-03-Red-LED-Mid-Tower-Gaming-Case/p/CC-9011052-WW</product_site>
        </ComponentInfo>
        <cooler_height_mm>157</cooler_height_mm>
    </Case>
    <Case>
        <ComponentInfo>
            <brand>Corsair</brand>
            <model_number>Carbide 200R</model_number>
            <price>18980</price>
            <price_site>https://www.arukereso.hu/szamitogep-haz-c3085/corsair/carbide-series-200r-cc-9011023-ww-p138644134/</price_site>
            <shop_site>http://compker.hu/termek/10234</shop_site>
            <product_site>https://www.corsair.com/uk/en/Categories/Products/Cases/Carbide-Series%E2%84%A2-200R-Compact-ATX-Case/p/CC-9011023-WW</product_site>
        </ComponentInfo>
        <cooler_height_mm>165</cooler_height_mm>
    </Case>
    <Case>
        <ComponentInfo>
            <brand>Corsair</brand>
            <model_number>Carbide 270R</model_number>
            <price>19460</price>
            <price_site>https://www.arukereso.hu/szamitogep-haz-c3085/corsair/carbide-series-270r-cc-9011106-p356205699/</price_site>
            <shop_site>https://www.pcland.hu/pc-case-corsair-carbide-series-270r-atx-mid-tower-cc-9011106-ww</shop_site>
            <product_site>https://www.corsair.com/uk/en/Categories/Products/Cases/Carbide-Series%E2%84%A2-270R-ATX-Mid-Tower-Case/p/CC-9011106-WW</product_site>
        </ComponentInfo>
        <cooler_height_mm>170</cooler_height_mm>
    </Case>
    <Case>
        <ComponentInfo>
            <brand>Corsair</brand>
            <model_number>Carbide 275R</model_number>
            <price>21690</price>
            <price_site>https://www.arukereso.hu/szamitogep-haz-c3085/corsair/carbide-series-275r-cc-9011130-1-2-3-p406507535/</price_site>
            <shop_site>https://ipon.hu/shop/termek/corsair-carbide-series-275r-ablakos-fekete/1648048</shop_site>
            <product_site>https://www.corsair.com/us/en/Color/Carbide-Series-275R-Tempered-Glass-Mid-Tower-Gaming-Case/p/CC-9011132-WW</product_site>
        </ComponentInfo>
        <cooler_height_mm>170</cooler_height_mm>
    </Case>
    <Case>
        <ComponentInfo>
            <brand>NZXT</brand>
            <model_number>Source S340</model_number>
            <price>17890</price>
            <price_site>https://www.arukereso.hu/szamitogep-haz-c3085/nzxt/source-s340-s340w-b1-w1-w3-p253958977/</price_site>
            <shop_site>https://www.alza.hu/nzxt-s340-fekete-d2361452.htm</shop_site>
            <product_site>https://www.nzxt.com/products/s340-black</product_site>
        </ComponentInfo>
        <cooler_height_mm>161</cooler_height_mm>
    </Case>
    <Case>
        <ComponentInfo>
            <brand>NZXT</brand>
            <model_number>S340 Elite</model_number>
            <price>26690</price>
            <price_site>https://www.arukereso.hu/szamitogep-haz-c3085/nzxt/s340-elite-s340w-b3-b4-b5-w2-p353564481/</price_site>
            <shop_site>https://www.alza.hu/nzxt-s340-elite-matt-fekete-d4517515.htm</shop_site>
            <product_site>https://www.nzxt.com/products/s340-elite-black</product_site>
        </ComponentInfo>
        <cooler_height_mm>161</cooler_height_mm>
    </Case>
    <Case>
        <ComponentInfo>
            <brand>NZXT</brand>
            <model_number>Phantom 410</model_number>
            <price>26790</price>
            <price_site>https://www.arukereso.hu/szamitogep-haz-c3085/nzxt/phantom-410-ca-ph410-p65875477/</price_site>
            <shop_site>https://www.alza.hu/nzxt-phantom-410?dq=328573</shop_site>
            <product_site>https://www.nzxt.com/products/phantom-410-black</product_site>
        </ComponentInfo>
    </Case>
    <Case>
        <ComponentInfo>
            <brand>be quiet!</brand>
            <model_number>Pure Base 600</model_number>
            <price>23677</price>
            <price_site>https://www.arukereso.hu/szamitogep-haz-c3085/be-quiet/pure-base-600-bg021-2-p356937341/</price_site>
            <shop_site>https://www.pcx.hu//be-quiet-pure-base-600-bg022-fekete-ezust-szamitogep-haz-673857</shop_site>
            <product_site>https://www.bequiet.com/en/case/920</product_site>
        </ComponentInfo>
        <cooler_height_mm>165</cooler_height_mm>
    </Case>
    <Case>
        <ComponentInfo>
            <brand>Phanteks</brand>
            <model_number>Eclipse P300 TG</model_number>
            <price>19540</price>
            <price_site>https://www.arukereso.hu/szamitogep-haz-c3085/phanteks/eclipse-p300-tempered-glass-ph-ec300ptg-p387633985/</price_site>
            <shop_site>https://www.bestmarkt.hu/phanteks-eclipse-p300-window-szamitogephaz-fekete-p407424</shop_site>
            <product_site>http://www.phanteks.com/Eclipse-P300-TemperedGlass.html</product_site>
        </ComponentInfo>
        <cooler_height_mm>160</cooler_height_mm>
    </Case>
    <Case>
        <ComponentInfo>
            <brand>Phanteks</brand>
            <model_number>Eclipse P400 Window</model_number>
            <price>22720</price>
            <price_site>https://www.arukereso.hu/szamitogep-haz-c3085/phanteks/eclipse-p400-window-ph-ec416p-p333372427/</price_site>
            <shop_site>https://www.bestmarkt.hu/phanteks-eclipse-p400-window-szamitogephaz-fekete-p355062</shop_site>
            <product_site>http://www.phanteks.com/Eclipse-P400.html</product_site>
        </ComponentInfo>
        <cooler_height_mm>160</cooler_height_mm>
    </Case>
    <Case>
        <ComponentInfo>
            <brand>Phanteks</brand>
            <model_number>Eclipse P400 TG</model_number>
            <price>25203</price>
            <price_site>https://www.arukereso.hu/szamitogep-haz-c3085/phanteks/eclipse-p400-tempered-glass-ph-ec416ptg-p356165253/</price_site>
            <shop_site>https://www.pcx.hu//phanteks-eclipse-p400-ph-ec416ptg-ag-szurke-ablakos-szamitogep-haz-137992?referer=arukereso</shop_site>
            <product_site>http://phanteks.com/Eclipse-P400-TemperedGlass.html</product_site>
        </ComponentInfo>
        <cooler_height_mm>160</cooler_height_mm>
    </Case>
</root>